{
  "n": 108,
  "asr": 0.24074074074074073,
  "asr_ci_low": 0.1574074074074074,
  "asr_ci_high": 0.32407407407407407,
  "rasr": 0.24074074074074073,
  "min_rasr": 0.2222222222222222,
  "ocr_hit": 0.0,
  "num_rows": 108,
  "taxonomy_counts": {
    "unsafe_other": 26,
    "safe_refusal": 82
  }
}